<?xml version="1.0" encoding="UTF-8"?>
<project-private xmlns="http://www.netbeans.org/ns/project-private/1">
    <editor-bookmarks xmlns="http://www.netbeans.org/ns/editor-bookmarks/2" lastBookmarkId="0"/>
    <open-files xmlns="http://www.netbeans.org/ns/projectui-open-files/2">
        <group>
            <file>file:/C:/xampp/htdocs/Finalproject/admin.php</file>
            <file>file:/C:/xampp/htdocs/Finalproject/index.php</file>
            <file>file:/C:/xampp/htdocs/Finalproject/php/update.php</file>
            <file>file:/C:/xampp/htdocs/Finalproject/css/style.css</file>
            <file>file:/C:/xampp/htdocs/Finalproject/db_conn.php</file>
            <file>file:/C:/xampp/htdocs/Finalproject/search.php</file>
            <file>file:/C:/xampp/htdocs/Finalproject/front.php</file>
        </group>
    </open-files>
</project-private>
